"id_releve","YR.REL","x_l93","y_l93","ELEV","surface","meta_original_id_rel"
8677644,2020,949669.64,6455580.9,2678,25,NA
8677716,2020,949672.69,6455681.05,2702,25,NA
8677720,2020,949505.44,6455674.32,2801,NA,NA
8677729,2020,950107.8,6455831.97,2498,50,NA
8739713,2000,965402.887,6445199.599,2647,NA,672432
8739725,2000,967907.002,6445101.063,2403,NA,672466
8739728,2000,966866.496,6444327.913,2516,NA,672470
8739736,2000,965936.565,6444793.243,2589,NA,672496
8743011,1993,939959.468,6431442.424,2817,NA,428268
8743523,2008,965866.233,6528815.624,2070,NA,658998
8743828,1993,941378.856,6432015.485,1974,NA,428282
8743916,2009,995347.234,6484712.471,2320,NA,695040
8743931,2008,1009905.882,6508313.356,2476,NA,662776
8743967,2011,1014655.925,6408247.263,2892,NA,873429
8744027,2013,1020485.814,6483060.6444,2464,NA,953998
8744030,2008,1004674.62,6456484.603,2695,20,669812
8744081,2008,1001013.036,6457282.397,2736,NA,660126
8744340,2008,1004004.889,6512766.848,2445,NA,662937
8744863,2009,942946.445,6433207.866,2528,NA,691920
8752028,2014,1002546.453117,6365272.291079,2396,10,989046
8752095,2002,1001605.042,6362599.361,2500,NA,390698
8756920,2014,953589.4722,6447430.2072,2218,25,996998
8757199,2012,937103.3240257,6435582.32305,2332,100,959180
8757220,2013,948683.52,6454103.763,2600,30,954058
8785165,2008,972512.862,6445679.725,2473,50,669740
8785175,2000,969002.439,6446957.29,2475,NA,672574
8785177,2000,966753.029,6446490.031,2702,NA,672609
8791551,2019,1014847.14,6488427.89,2687,NA,1548512
8794965,2000,939704.348,6432919.055,2465,NA,571220
8802329,2008,969708.765,6445925.437,2693,25,669393
8807876,2008,1007866.237,6462825.975,2647,20,669922
8808816,2016,933180.23,6456181.15,2455,20,1205051
8809202,2000,1003072.519,6366982.109,2637,NA,387633
8809421,2011,931441.612,6443513.926,2063,NA,894016
8819494,2010,992178.08,6379044.246,2379,NA,753672
8821505,2011,997143.0018,6544406.5194,2465,25,937318
8823745,2016,1011701.047268,6495215.809622,2461,9,1205610
8824292,2014,1004123.9298,6485215.0878,2558,30,1028162
8826079,2002,955058.66,6415546.869,2273,NA,570586
8826123,2011,1015539.814,6408514.057,2629,NA,873438
8826660,2004,999774.384,6422731.284,2640,NA,574912
8828807,2011,1009566.547,6423354.129,2585,NA,873703
8830041,2012,1015421.13,6408509.02,2622,25,921884
8830065,2012,1015449.21,6408433.87,2629,25,921777
8831434,2002,955085.966,6415785.093,2220,NA,410794
8839794,2012,1015418.12,6408492.44,2622,15,921889
8844071,2016,933122.83,6456354.71,2441,20,1205033
8844583,2002,1002507.208,6363319.344,2456,NA,390062
8844584,2002,1002247.81,6363346.914,2395,NA,390077
8845839,2011,996599.96,6361333.426,2345,NA,874364
8846060,2012,973686.21,6449123.81,2449,100,935401
8846857,1995,999719.102,6367503.986,2420,NA,383096
8847763,2001,998423.152,6358229.546,2383,30,388467
8847767,2001,996704.956,6356785.018,2360,6,388546
8847774,2002,1005306.834,6367679.786,2436,NA,389735
8847778,2002,1001911.467,6363899.315,2252,NA,390011
8847779,2002,1001474.333,6363091.583,2425,NA,390015
8847784,2002,1010016.098,6374898.296,2451,30,390161
8847793,2010,992211.791,6378797.606,2439,NA,753677
8847864,1991,1010866.828,6400604.842,2531,NA,388347
8847923,2002,995235.009,6354188.5,2389,12,390656
8848059,2013,996268.4196,6340997.6808,2280,NA,961451
8848089,2002,1006914.351,6369362.653,2323,NA,389659
8848103,2002,1007808.112,6368579.533,2598,NA,389635
8848105,2002,1007060.786,6369996.427,2469,NA,389757
8848109,2002,1000878.319,6363273.25,2506,NA,390022
8848166,2002,1003698.075,6367655.92,2622,NA,389814
8849167,2016,933218.73,6456553.69,2485,100,1205041
8849583,2008,1001639.822,6457863.26,2849,25,669801
8851037,2014,937521.7695631,6435653.853196,2492,10,1053096
8859046,2014,994072.9823893,6341380.82835,2489,100,1021054
8863673,2019,1015009.01,6488324.96,2710,NA,1548386
8863718,2019,1009043.21,6490024.59,2614,NA,1548519
8867466,2002,955183.92,6417134.708,2281,NA,410765
8869401,2000,967155.242,6446650.396,2624,NA,672562
8873802,2011,998835.066,6395978.058,2439,NA,874517
8876290,2000,968177.758,6446664.48,2528,NA,672646
8877801,2000,965531.854,6445666.321,2625,NA,672410
8877802,2000,965522.69,6445747.966,2630,NA,672411
8877804,2000,965418.566,6445894.581,2654,NA,672414
8877812,2000,967311.812,6445862.771,2803,NA,672442
8877818,2000,967096.447,6445495.335,2627,NA,672453
8877825,2000,965254.355,6445970.598,2699,NA,672518
8882749,2002,1004074.355,6367198.644,2586,NA,389808
8882766,2002,1004917.904,6368233.473,2347,NA,389716
8889006,2007,972043.442,6424027.807,2542,NA,639447
8897121,2003,947821.42,6461051.407,2536,NA,497628
8898940,2017,998984.4783372,6359305.549115,2213,NA,1361517
8899767,2012,1015498.83,6408564.77,2621,NA,920960
8903033,2009,999417.325,6458078.704,2654,NA,694699
8909183,2013,973409.8489852,6405842.641113,2502,100,1052869
8909184,2013,970731.3375674,6407876.385488,2392,100,1052870
8910535,2008,965852.505,6528745.002,2068,NA,658999
8911080,2008,964705.832,6447642.931,2597,NA,660493
8921360,2008,961873.822,6407313.757,2450,NA,665083
8921949,2009,967828.909,6445661.957,2635,NA,701303
8929993,2004,999227.575,6422477.835,2664,NA,574962
8929994,2004,999302.837,6422319.326,2698,NA,574967
8929999,2004,999124.221,6422227.688,2730,NA,574976
8946432,2006,967340.458,6408613.911,2587,NA,593205
8964719,2010,994003.59,6550749.63,2067,NA,1418410
8970492,2016,991227.015,6472115.748,2793,16,1205620
8970960,2017,932715.863,6456219.436,2412,40,1358884
8971283,2010,971838.72,6403419.797,2605,NA,753710
8971284,2010,969316.395,6436926.032,2304,NA,754366
8971325,2012,1015530.33,6408361.87,2633,25,921535
8971328,2012,1015537.1,6408422.26,2630,15,921582
8972097,2011,1012894.906,6403766.802,2747,NA,876263
8972098,2011,1012951.001,6403773.614,2751,NA,876265
8972963,2008,1009475.775,6482930.218,2795,NA,660668
8973803,1999,1013365.084,6411819.654,2617,NA,407296
8974174,2016,944729.8674532,6464809.909753,2604,40,1203400
8975543,2002,995457.004,6355456.12,2287,30,390568
8976454,2010,971950.748,6514106.321,2060,NA,752643
8976492,2008,969520.461,6446032.313,2779,30,669706
8976533,2008,1021028.638,6407368.389,2391,NA,657344
8976785,2009,994788.755,6517753.858,2553,NA,693174
8976973,2002,1009970.506,6374935.084,2434,12,390159
8977211,2017,932461.328,6455857.69,2384,100,1358882
8977934,2008,986182.054,6418374.924,2676,NA,658769
8978173,2013,953346.411,6446272.8294,2191,25,944804
8978182,2016,932881.43,6456077.45,2391,80,1205056
8978183,2013,948990.2934,6453776.9526,2487,50,954048
8978189,2009,927767.711,6440855.547,2363,NA,692844
8978257,2016,933123.45,6456185.58,2444,30,1205049
8978259,2002,1004216.395,6368123.411,2503,NA,389787
8978303,2016,944704.4233224,6464897.375486,2625,40,1203402
8978675,2013,968218.0068,6415725.3888,2659,25,960913
8978870,2013,948727.6068,6454038.174,2592,25,954057
8979011,1998,997103.751,6500841.907,2391,NA,499812
8979263,2004,1003001.749,6422713.221,2511,NA,574697
8979337,2011,1015572.39,6406809.119,2782,NA,873890
8979398,2011,990341.124,6416374.588,2504,NA,876484
8979579,2008,1009884.554,6484116.594,2709,NA,660681
8979623,2017,932109.414,6456069.449,2368,4,1358661
8979698,2008,964233.138,6447972.938,2438,25,660331
8979771,2017,1021968.66,6407601.12,2661,NA,1371038
8979888,2011,1016580.208,6421678.722,2474,NA,875897
8979891,2011,1016138.826,6422318.911,2548,NA,875854
8979995,2012,1015295.71,6408751.14,2621,20,920946
8980232,2002,1005187.047,6368016.307,2366,NA,389712
8980254,2002,999881.569,6363659.068,2424,NA,389928
8981120,2019,1015522.355,6488240.008,2756,NA,1548510
8981397,2011,1022174.093,6407408.341,2669,NA,866734
8981532,2011,1022026.093,6406913.23,2510,NA,866792
8981651,2007,1008169.118,6391942.63,2537,15,624054
8981652,2007,1008392.058,6391833.493,2561,20,624060
8981987,2014,951666.951,6440670.8106,2623,15,1020025
8982356,2009,944329.151,6433270.018,2136,NA,691883
8983347,2002,1006791.362,6368704.001,2375,NA,389664
8983375,2013,1015075.557,6410317.7274,2403,NA,961193
8983794,2000,1003263.803,6366874.219,2619,NA,387644
8983808,2001,998636.641,6358278.708,2371,NA,388464
8983839,2011,1014483.433,6408128.476,2967,NA,873452
8984136,2008,972108.354,6445410.855,2685,20,669719
8985061,2011,998648.691,6396122.289,2397,NA,874514
8985074,2011,1016317.275,6421932.611,2573,NA,875874
8985079,2011,1007543.475,6423050.782,2613,NA,875989
8985224,2012,1015501.41,6408537.74,2622,30,921668
8985498,2009,996256.74,6483521.301,2517,NA,694966
8986040,2002,950655.098,6415512.482,2334,NA,570441
8986045,2002,950728.557,6415386.378,2344,NA,570444
8986159,2003,975420.164,6403144.291,2329,NA,570759
8986292,2010,992096.096,6379280.631,2313,NA,753670
8986439,2002,995512.878,6353927.263,2445,30,390500
8986474,2004,992969.106,6420359.217,2371,NA,573716
8986508,2004,988943.566,6417650.645,2270,NA,573824
8986519,2016,999303.9873077,6499219.622574,2586,9,1205555
8986569,2004,1004355.553,6422055.608,2570,NA,574719
8986592,2004,1000168.133,6421992.656,2488,NA,574890
8986594,2004,999648.357,6422938.386,2562,NA,574919
8986624,2009,1012073.083,6485088.55,2630,NA,692039
8986652,2008,1004154.464,6512751.239,2541,NA,662941
8987022,2016,983618.1122843,6477320.217724,2482,9,1204927
8987320,2008,964427.335,6448123.273,2437,NA,660554
8987933,2008,964703.667,6447643.839,2597,NA,660495
8988223,2012,1015536.19,6408362.01,2633,10,921530
8988478,2008,1004159.554,6512818.536,2513,NA,662942
8988885,2012,962088.23,6410895.36,2155,NA,921061
8988906,2012,1015371.89,6408554.48,2621,6,921911
8988907,2012,1015423.44,6408460.91,2628,25,921915
8990407,2008,964484.62,6448242.765,2436,NA,660550
8990538,2018,999147.723,6477345.918,2427,40,1461522
8991257,1995,964464.691,6409075.805,2568,NA,392281
8991970,2012,1015543.83,6408357.47,2635,15,921369
8992248,2008,1022095.475,6406675.569,2603,NA,657370
8995424,2012,1015408.57,6408525.5,2621,10,921903
8998488,2008,1004260.923,6512812.55,2517,NA,662939
8998582,2001,950081.063,6405700.201,2233,NA,410239
8998677,2019,1012284.12,6488631.16,2561,NA,1548421
8998700,2009,999681.301,6457759.235,2700,NA,694691
8998763,2017,967353.2836241,6399289.923573,2350,100,1453843
8999206,2018,999683.0178269,6360720.055029,2538,30,1451174
8999208,2017,1007030.109666,6391360.705527,2766,NA,1468251
9000536,2012,947801.2146,6478915.7208,2503,20,922835
9000575,2009,942891.487,6433032.663,2522,NA,691922
9000645,2012,1015471.83,6408470.79,2625,NA,921818
9002855,2011,1021436.807,6407110.105,2447,NA,866770
9003286,2008,1009914.702,6484120.109,2711,NA,660685
9006147,2016,1011888.785469,6495165.855115,2489,9,1205609
9006768,2011,990241.733,6417101.48,2453,NA,874259
9006812,2011,1000095.394,6399102.93,2392,NA,874733
9006936,2002,956438.459,6415552.399,2522,NA,570519
9006954,2002,955849.813,6415417.183,2410,NA,570522
9006976,2002,950791.373,6415471.938,2343,NA,570443
9009099,2004,989052.772,6417523.612,2337,NA,573825
9009323,2004,989616.174,6414135.341,2338,NA,574208
9009412,2004,989976.675,6414570.376,2455,NA,574240
9009570,2004,1002885.301,6422735.582,2545,NA,574695
9009781,2004,999458.287,6422641.031,2630,NA,574929
9009893,2004,988671.425,6416833.488,2597,NA,575276
9010114,2004,1005225.828,6423423.232,2806,NA,575513
9010169,2004,1005254.871,6423629.82,2855,NA,575518
9010179,2004,1005639.183,6422718.906,2690,NA,575552
9010685,2004,991018.678,6419418.286,2514,NA,575728
9012411,2006,972317.947,6444593.631,2631,NA,593260
9012816,2009,956980.051,6428753.63,2069,NA,693384
9014994,2009,945360.76,6466714.173,2162,NA,693734
9015005,2008,1004166.716,6485737.399,2563,NA,657820
9015134,2008,1001387.24,6502242.009,2401,NA,662890
9016419,2017,932714.108,6456241.043,2414,100,1358885
9016501,2010,972488.762,6403166.924,2523,NA,752995
9016673,2011,1005378.954,6420849.646,2678,NA,873739
9016749,2011,992264.91,6410294.91,2196,NA,876347
9017192,1995,964522.166,6409049.223,2571,NA,392280
9017884,2009,957757.538,6416476.162,2841,NA,701297
9017885,2009,963416.544,6399413.221,2188,NA,701307
9017887,2009,963647.187,6399008.703,2319,NA,701309
9018225,2008,957242.679,6427869.088,2330,NA,663616
9018686,2013,949255.3776,6463094.493,2223,80,954116
9019148,2000,966377.764,6444709.11,2504,NA,672476
9019149,2000,966388.457,6444542.492,2524,NA,672477
9020443,2014,951557.22,6440764.0734,2560,50,1020023
9022236,2008,952494.187,6426031.039,2198,NA,663442
9022422,2012,1008368.1156,6504988.437,2729,25,922621
9023708,2002,1000509.521,6360985.41,2370,NA,391188
9024187,2008,971550.376,6398219.048,2160,NA,658497
9024553,2011,1015320.225,6410756.041,2420,NA,873761
9025901,2008,1010035.072,6483942.02,2752,NA,660688
9025903,2008,1009896.773,6508312.897,2476,NA,662777
9025912,2008,993657.441,6457646.998,2500,25,669872
9026065,2009,999198.523,6477115.943,2436,10,698079
9026097,2009,930324.816,6442731.236,2419,NA,694390
9026110,2008,1009897.164,6484104.217,2709,NA,660683
9026112,2008,1010012.773,6483571.626,2813,NA,660689
9026579,2008,992001.943,6457288.601,2620,100,669976
9027144,2002,994891.021,6353755.987,2566,60,390652
9027901,2008,992156.661,6457145.797,2633,25,669984
9027913,2008,952165.574,6446379.505,2265,NA,655890
9027948,2012,972127.03,6457764.38,2244,NA,933979
9027962,2019,1008522.317,6490109.696,2634,NA,1548463
9028052,2013,948962.1732,6453820.9506,2503,50,954050
9028079,2018,948641.017,6430938.727,2685,15,1520174
9028103,2009,961680.902,6432037.886,2428,NA,693429
9028145,2016,962705.7916312,6417343.35204,2388,100,1454075
9028162,2009,945343.43,6466634.463,2199,NA,693743
9028163,2009,945114.232,6465999.198,2426,NA,693768
9028208,2017,932090.409,6456070.961,2368,100,1358660
9028223,2008,986211.752,6418364.279,2672,NA,658776
9028249,2017,944746.852,6453846.243,2626,25,1361628
9028446,2008,950455.67,6437211.024,2743,NA,663931
9028536,2010,944086.616,6462974.73,2415,NA,756101
9028557,2010,944266.062,6463604.987,2332,NA,756124
9028563,2008,964408.657,6448112.472,2436,NA,660555
9028636,2008,964412.488,6448155.654,2434,25,669294
9028639,2002,956142.158,6415845.37,2360,NA,570523
9028658,2013,948374.331,6460893.1458,2517,30,958936
9029709,2013,946684.3692,6473166.0684,2413,NA,939855
9029811,2000,968552.947,6447038.871,2463,NA,672593
9029815,2000,966774.819,6446444.946,2710,NA,672610
9029827,2008,952898.149,6453170.746,2137,NA,663302
9029851,2000,967021.392,6446399.523,2632,NA,672611
9030233,2010,950577.921,6416298.715,2106,NA,791190
9030308,2012,929905.0244132,6430307.197411,2546,100,959155
9030515,2012,951141.33,6476258.48,2157,25,935590
9030930,2011,1000111.263,6399129.713,2388,NA,874734
9031031,2009,1012093.331,6485078.566,2631,NA,692041
9031133,2009,1012462.557,6494621.462,2509,NA,693295
9031592,2011,1015394.543,6407149.463,2734,NA,873887
9031593,2011,1015410.773,6407153.285,2734,NA,873888
9031594,2011,1015425.629,6407156.037,2738,NA,873889
9032476,2000,966685.43,6446545.152,2688,NA,672608
9032479,2000,966773.081,6446501.897,2698,NA,672614
9032481,2000,967095.259,6446643.812,2632,NA,672539
9033259,2018,970542.2989329,6423795.942985,2311,100,1453124
9034743,2008,929327.912,6397533.577,2295,NA,655433
9036422,2012,1015526.72,6408417.79,2630,25,921580
9036472,2009,967057.41,6430157.32,2420,150,697597
9036479,2012,1015740.02,6407712.36,2779,50,935372
9036774,2008,1007657.932,6462603.463,2676,25,669916
9036786,2008,1009575.081,6482680.01,2772,NA,660663
9036797,2008,1020757.957,6482688.658,2525,NA,663385
9036800,2008,993614.759,6457471.864,2486,25,669870
9036806,2009,1015015.733,6487862.163,2751,NA,693100
9036810,2008,1001885.167,6501866.158,2523,NA,662845
9037448,1995,964570.469,6409020.252,2572,NA,392279
9037885,2008,1003691.76,6484931.459,2464,NA,657812
9038080,2008,981570.156,6438452.469,2442,25,669184
9038105,2007,1019910.697,6471177.144,2480,NA,647808
9038343,2008,981572.357,6438231.438,2470,25,669182
9041840,2012,1015497.56,6408509.84,2624,10,921589
9042229,2012,1015529.82,6408547.04,2625,NA,922923
9042700,2017,931343.272,6454365.747,2244,25,1358650
9042737,2009,956967.317,6429389.378,1999,NA,693368
9042877,2009,927804.826,6440829.902,2371,NA,692846
9042878,2009,962381.221,6431743.233,2593,NA,693422
9042891,2000,1003439.991,6366885.722,2629,NA,387645
9042892,2012,940718.6844,6463390.6218,2359,30,925884
9042895,2013,946373.0364,6459051.9894,2052,50,959347
9042957,2000,1003459.368,6366945.714,2642,NA,387649
9043011,2011,934598.011,6455178.247,2524,NA,883653
9043079,2008,960282.183,6437101.462,2396,NA,663632
9043154,2008,994287.841,6459132.842,2609,25,669891
9043183,2010,969247.913,6436637.924,2346,NA,754354
9047233,2011,996492.7368,6544035.9456,2125,12,937570
9047290,2009,946495.245,6450143.09,2865,NA,691804
9047316,2016,932423.16,6455827.2,2389,100,1205060
9047453,2002,1000315.868,6363896.998,2609,NA,389921
9047728,2008,1006871.602,6392118.134,2561,NA,659981
9048491,2011,1015092.317,6410789.577,2396,NA,864347
9048588,2011,1021500.35,6407207.467,2447,NA,866707
9048600,2011,1022260.335,6407466.843,2711,NA,866728
9048997,2012,947532.24,6466358.66,2113,25,925465
9049945,2008,1021145.558,6407330.355,2409,NA,657345
9049946,2008,1021988.704,6406904.296,2510,NA,657357
9049950,2008,1022263.124,6406499.032,2760,NA,657424
9050344,2014,945367.5828,6455877.0822,2519,12,1030557
9053403,2011,1005116.967,6421152.074,2734,NA,873746
9053463,2011,1006774.136,6400189.568,2556,NA,874932
9053507,2009,963651.054,6399238.996,2227,NA,701308
9053508,2009,963215.671,6398720.381,2422,NA,701311
9053519,2010,962754.618,6417312.962,2391,NA,791047
9053921,2012,1015499.37,6408561.3,2622,10,921667
9054684,2009,966614.917,6413774.788,2500,15,698015
9055706,2008,980711.984,6437910.369,2506,25,669155
9055713,2008,963459.144,6448489.264,2626,50,669311
9055993,2002,955164.512,6415763.293,2232,NA,570343
9056080,2002,956487.975,6415474.396,2575,NA,570517
9056106,2002,954887.765,6415596.911,2204,NA,570584
9056167,2002,955607.976,6415494.312,2295,NA,570598
9056168,2002,955541.381,6415415.55,2292,NA,570600
9056614,2016,991526.792,6470850.071,2624,9,1204937
9056703,2016,1017950.436915,6485068.110514,2755,9,1205489
9056713,2013,1021211.373,6481839.285,2515,NA,959454
9056870,2012,951429.27,6476387.01,2088,36,935542
9057389,2008,971248.186,6397162.285,2417,NA,658553
9057516,2016,991032.438,6472173.127,2800,9,1204940
9057519,2016,983784.1165326,6476202.631491,2296,9,1205540
9057523,2016,1010064.51673,6495181.570362,2314,9,1205611
9057661,2004,1004384.787,6421777.812,2647,NA,574723
9057708,2008,992741.1,6457799.772,2496,25,669970
9057783,2008,1001876.211,6478845.303,2672,NA,660629
9057943,2004,999804.373,6422507.555,2583,NA,574905
9057981,2008,1002446.199,6466907.923,2598,15,669857
9057982,2008,1007829.808,6462918.235,2638,25,669925
9057993,2011,963191.455,6490488.072,2530,NA,877573
9058035,2004,1005361.102,6423263.725,2792,NA,575521
9058036,2004,1005830.482,6423420.852,2864,NA,575527
9058233,2008,1000478.584,6457876.896,2539,15,669793
9058450,2004,991042.147,6419434.391,2524,NA,575729
9058669,2015,950560.2241031,6416313.564564,2103,100,1206391
9059035,2002,974228.257,6403327.041,2692,NA,570418
9059062,2002,955358.756,6416778.699,2289,NA,570553
9059139,2004,987737.706,6412941.687,2359,NA,573338
9059315,2004,990131.576,6409901.221,2181,NA,573878
9059467,2004,999572.053,6422570.441,2598,NA,574932
9059475,2004,1000151.057,6423071.66,2561,NA,574957
9063376,2008,971528.703,6397598.718,2363,NA,658523
9065065,2000,965929.348,6444580.837,2674,NA,672494
9065071,2000,966451.57,6444873.351,2457,NA,672507
9065075,2000,965171.877,6445926.056,2726,NA,672519
9065076,2000,965155.239,6446033.394,2725,NA,672520
9068423,1995,964614.917,6408998.122,2571,NA,392277
9075234,2000,967029.614,6445845.623,2690,NA,672450
9075246,2000,967136.178,6445742.158,2661,NA,672452
9075258,2000,964633.946,6446136.202,2875,NA,672415
9075276,2000,966227.467,6444922.763,2522,NA,672506
9075283,2000,965241.165,6445880.995,2705,NA,672517
9079325,2012,1015291.69,6408750.57,2621,NA,920950
9081645,2012,1015448.56,6408444.96,2627,NA,921783
9081779,2012,1015465.18,6408460.87,2627,NA,921787
9082687,2012,1015384.91,6408538.05,2621,NA,922976
9093172,2013,1018321.7274,6414584.778,2537,100,961377
9093173,2013,1018253.3808,6414366.42,2616,15,961381
9093181,2011,1006853.29,6400120.386,2575,NA,874933
9093182,2011,992246.347,6409182.22,2174,NA,874956
9093194,2001,950004.878,6405696.152,2249,NA,410240
9093458,2012,1015530.94,6408546.88,2625,6,921681
9093464,2012,1015397.64,6408531.4,2621,20,921904
9093710,2017,964400.5381526,6435435.031214,2844,100,1453813
9093838,2012,1015441.31,6408505.61,2622,NA,922969
9093895,2011,965605.7671555,6414867.477509,2487,100,959050
9094076,2018,959308.873,6430405.82,2458,80,1519317
9094837,2008,953579.529,6424161.334,2603,NA,663535
9094885,1995,964308.807,6408849.086,2525,NA,392227
9094915,2018,950456.012,6456801.11,2610,50,1518938
9095737,2012,935368.3938,6460440.0336,2546,70,925256
9097158,2011,1016053.376,6422824.032,2499,NA,875849
9097161,2008,980162.539,6451961.516,2941,50,669478
9097176,2011,1013183.63,6404805.201,2741,NA,876274
9097604,2011,1021925.869,6407001.156,2503,NA,866776
9098928,2009,991808.734,6486715.39,2300,NA,694276
9099787,2008,1004540.678,6456731.206,2610,NA,660139
9099800,2011,1014733.755,6408728.623,2829,NA,873434
9100446,2018,990867.641,6470334.064,2319,70,1486944
9100455,2016,933080.24,6456168.06,2430,100,1205048
9100478,2018,950839.295,6457705.808,2503,30,1518810
9100543,2017,932129.213,6456080.304,2371,15,1358668
9100627,2008,1020929.141,6407470.381,2368,NA,657337
9101785,2013,948535.6554,6461488.3704,2417,25,954128
9102572,2011,1001822.457,6419492.522,2743,NA,873850
9103265,1999,1015551.465,6408523.654,2629,NA,406342
9104257,2008,976140.513,6414346.137,2310,NA,666216
9105271,2002,950655.098,6415512.482,2334,NA,410642
9106684,2002,955364.002,6415606.379,2242,NA,410796
9110208,2019,1014928.757,6488209.664,2704,NA,1548393
9110267,2019,1008912.72,6490129.25,2624,NA,1548470
9124221,2017,1021733.7,6407726.175,2620,10,1370667
9128603,1993,940211.829,6432837.596,2400,NA,428327
9130151,2004,997790.262,6424986.915,2393,NA,574588
9130984,2013,948766.1616,6453977.1432,2563,25,954054
9142906,2000,967054.517,6446569.026,2628,NA,672552
9144626,2012,1015445.82,6408452.01,2627,NA,922948
9148540,2013,952640.4894,6445851.024,2274,10,944309
9148543,2014,937599.5210684,6435725.825839,2489,100,1053095
9148644,2003,964243.994,6408560.187,2495,NA,571186
9155754,2002,954887.765,6415596.911,2204,NA,410785
9158111,2019,986136.6846715,6476411.667081,2476,16,1552438
9158717,2009,946535.353,6431103.258,2575,NA,701300
9159272,2013,948472.1292,6461589.3006,2392,40,958958
9165022,2002,1015506.926,6408557.437,2622,30,410597
9165023,2002,950759.487,6415467.655,2319,NA,410643
9179097,2010,974559.973,6448156.162,2584,NA,752813
9179376,1995,979128.761,6361470.002,2445,NA,382950
9179472,2009,963596.532,6398854.482,2373,NA,701310
9181625,2004,1002745.498,6421758.026,2664,NA,574737
9181927,2016,1012230.401666,6495369.07996,2412,9,1205588
9184091,2000,1003344.579,6366838.076,2618,NA,387638
9184146,1998,998912.168,6359051.526,2246,NA,388288
9184194,2002,1006738.961,6368894.636,2319,NA,389574
9184195,2002,1006613.969,6368453.106,2504,NA,389597
9190841,2000,967069.892,6446590.697,2627,NA,672526
9190850,2000,967062.279,6446586.367,2628,NA,672556
9194908,2000,966805.015,6446501.269,2693,NA,672613
9195026,2000,967139.504,6446620.705,2618,NA,672560
9195027,2000,969152.104,6446955.775,2477,NA,672575
9202313,2010,972458.802,6403887.064,2714,NA,753005
9203564,2000,967244.533,6446750.284,2585,NA,672620
9204846,2002,954783.05,6415718.692,2148,NA,410789
9209772,2011,1010631.3,6413106.267,2594,NA,876073
9221359,2012,951055.04,6476281.32,2168,25,935591
9228361,2000,939678.301,6432746.998,2577,NA,571219
9232705,2000,967354.867,6446196.779,2676,NA,672617
9300068,2008,1001535.418,6484404.408,2290,NA,657794
9300678,2008,1004451.484,6456715.816,2600,30,669810
9300907,2013,948412.6032,6461257.4694,2449,25,954142
9303461,2008,953101.381,6446378.572,2194,NA,661287
9303529,2014,941051.1695628,6426447.438322,2174,100,1053193
9306229,2017,932535.02,6455863.455,2384,100,1358883
9307451,2013,948440.5878,6460526.3448,2570,25,958946
9308498,2002,956438.459,6415552.399,2522,NA,410720
9309137,2003,972572.237,6396102.103,2470,NA,571235
9309204,2019,1012696.8,6488985.66,2491,NA,1548499
9314037,2008,981706.697,6453875.492,2620,25,669961
9315266,2013,948392.2602,6460937.88,2507,50,958933
9315293,2013,948460.5414,6461370.8742,2425,25,954137
9315298,2013,948404.7252,6461234.4792,2451,25,954144
9315621,2018,959304.836,6430388.978,2458,10,1519320
9316361,2014,1004933.79387,6370135.425338,2062,NA,1016634
9327366,2008,971140.022,6540063.341,2153,50,667598
9339634,2008,1004863.216,6456668.004,2769,10,669814
9340200,2013,1015345.1562,6408860.5728,2617,NA,961360
9340220,2013,1015329.7968,6408841.9806,2618,NA,961363
9341236,2018,974509.5160133,6431954.950279,2533,100,1453120
9343537,2010,969185.775,6436777.304,2339,NA,754344
9343712,2010,975331.223,6447710.087,2433,NA,752830
9345019,2004,990658.22,6419937.852,2267,NA,575716
9345577,2008,965804.703,6528717.918,2066,NA,656620
9346857,2012,937149.0674306,6434573.797644,2396,100,959129
9349342,2012,946497.82,6466937.54,2414,NA,925474
9349374,2008,1006698.901,6462635.945,2625,20,669910
9350584,2002,955541.381,6415415.55,2292,NA,410801
9350762,2008,1000516.098,6457643.551,2597,15,669796
9351905,2014,951577.7196,6440767.9044,2563,70,1020022
9351994,2017,944567.669,6453530.743,2634,4,1361621
9352203,2010,951064.738,6437335.626,2802,NA,790844
9352497,2000,1003232.607,6366850.693,2614,NA,387629
9352500,2000,1003343.013,6366930.09,2631,NA,387635
9352501,2000,1003315.678,6366930.773,2632,NA,387634
9354243,2007,949134.061,6431546.874,2271,NA,639473
9354366,2018,959075.055,6430160.42,2655,30,1519352
9354414,2010,951258.744,6437225.419,2791,NA,790845
9354816,2010,956637.031,6436960.922,2619,NA,790874
9358496,2002,954898.049,6415955.494,2144,NA,410793
9358543,2003,972503.788,6396705.511,2340,NA,571238
9358556,2004,1002450.924,6420709.911,2574,NA,575669
9359630,2004,949931.407,6437130.905,2746,NA,570851
9360600,2016,956661.5029835,6436646.356542,2585,100,1454200
9360655,2009,946538.692,6430642.225,2523,NA,701301
9360656,2010,951034.962,6437176.365,2791,NA,790846
9361140,2008,991957.572,6457253.49,2621,25,669977
9363732,2008,1001964.591,6479000.727,2618,NA,660628
9365474,2011,990147.997,6548118.984,2039,NA,894786
9367739,2016,935693.195529,6457489.725686,2168,100,1203320
9368715,2016,999477.6797083,6499297.63749,2670,9,1205556
9376715,2013,951222.8399438,6423166.478278,2146,100,1052813
9382374,2014,996404.7292868,6352963.294815,2394,NA,1007751
9385251,2017,993882.15,6549524.66,2213,NA,1366698
9386265,2011,996839.7684,6544471.722,2392,16,937559
9386681,2012,1015521.64,6408388.59,2631,20,921557
9387569,2002,955095.737,6415598.407,2284,NA,570590
9391190,2018,937106.133,6427522.163,2413,40,1519074
9407956,2018,937094.429,6427580.625,2396,50,1518970
9410332,2008,1002438.59,6466875.528,2598,15,669859
9410692,2000,967657.621,6446592.003,2524,NA,672633
9410886,2013,948847.6176,6461540.2422,2364,25,954071
9410887,2013,948860.1492,6461484.5046,2361,25,954073
9412801,2013,938224.1286734,6429507.526349,2489,100,1052925
9414377,2019,1012422.511,6488526.969,2601,NA,1548434
9414630,2019,1012443.75,6488416.848,2620,NA,1548431
9418107,1993,940419.95,6431955.354,2319,NA,428260
9418550,2003,973525.81,6443758.27,2300,NA,571267
9418677,2002,956487.975,6415474.396,2575,NA,410718
9423240,2012,959870.9314984,6416100.090182,2336,100,959185
9423336,2009,962388.337,6410757.162,2179,10,697779
9423726,2008,951900.621,6440708.685,2717,NA,663916
9425830,2010,975361.341,6447686.41,2429,NA,752831
9426092,2010,976129.476,6402022.834,2308,NA,753079
9426408,2011,990297.644,6416619.739,2481,NA,876477
9427197,2012,1015464.03,6408447.79,2627,15,921785
9427235,2002,955136.735,6417086.758,2317,NA,570339
9427252,2002,950593.25,6416236.304,2121,NA,570457
9427380,2003,968095.714,6445477.382,2510,NA,571269
9427633,2013,1015061.7132,6410306.5008,2398,NA,961191
9427978,2004,995175.308,6421557.078,2315,NA,573663
9428279,2004,990336.077,6409860.689,2180,NA,573868
9428346,2004,991041.858,6411616.794,2416,NA,573944
9430059,2004,1000298.281,6421508.548,2587,NA,574652
9431657,2004,999530.454,6422591.459,2604,NA,574931
9433083,2008,951044.096,6437178.734,2785,NA,663979
9434184,1997,995060.799,6340896.158,2351,NA,386930
9441104,2011,962402.3762162,6410818.461598,2177,100,959001
9442134,2000,967141.298,6446710.823,2638,NA,672551
9442158,2000,967099.169,6446552.939,2617,NA,672540
9442165,2000,969050.654,6447104.449,2451,NA,672577
9442166,2000,969137.917,6446448.92,2540,NA,672584
9443677,2002,955095.737,6415598.407,2284,NA,410791
9447672,2019,1015116.21,6488219.24,2775,NA,1548450
9447673,2019,1015303.66,6488228.82,2791,NA,1548452
9449509,2008,980221.415,6452148.278,3020,200,669477
9451369,2004,1004136.836,6423866.383,2801,NA,575429
9455578,2008,1003063.451,6468005.874,2783,25,669854
9460360,2012,937277.38272,6434332.954836,2443,100,959126
9460501,2000,967065.906,6446551.507,2621,NA,672531
9460502,2000,967106.954,6446553.274,2617,NA,672541
9460503,2000,967110.444,6446620.455,2627,NA,672548
9460550,2000,967153.246,6446680.323,2631,NA,672563
9460558,2000,967220.802,6446412.107,2557,NA,672612
9460559,2000,967702.428,6446555.918,2563,NA,672629
9460561,2000,967081.444,6446701.244,2642,NA,672636
9466191,2012,1015539.69,6408498.53,2629,25,921692
9467348,2011,950562.1873495,6436884.908025,2828,100,959046
9467632,2002,955364.002,6415606.379,2242,NA,570595
9467633,2002,955512.591,6415544.431,2261,NA,570597
9467649,2003,973882.746,6428888.084,2590,NA,570692
9467657,2003,962892.109,6417295.745,2425,NA,570717
9467723,2005,950637.985,6421660.345,2649,NA,571059
9470431,2012,931518.6966,6443780.346,2018,200,925081
9476075,2015,947384.6022,6450788.0184,2459,80,1141705
9476392,2008,980503.088,6451105.425,2684,NA,669481
9476393,2008,980505.632,6450751.344,2615,30,669485
9476437,2009,944323.275,6433238.777,2139,NA,691885
9476563,2009,964673.021,6410084.177,2825,50,697500
9489230,2007,949197.576,6432054.605,2087,NA,639475
9492745,2009,977217.737,6405665.334,2625,NA,701288
9493110,2018,977728.0187378,6429179.679798,2323,10,1453201
9493742,2012,1015429.77,6408435.73,2630,25,921779
9497033,2004,999354.49,6422756.136,2616,NA,574927
9511887,2018,946101.25,6427076.382,2519,15,1520306
9512516,2018,937152.19,6427495.018,2422,50,1519103
9512821,2010,930308.088,6443564.812,2054,NA,757403
9516994,2002,955358.756,6416778.699,2289,NA,410754
9517757,2009,944775.277,6466100.818,2522,NA,693787
9517865,2009,944846.99,6466145.666,2502,NA,693791
9524935,2002,1015499.862,6408570.093,2621,6,410599
9524960,2002,950728.557,6415386.378,2344,NA,410645
9525000,2002,955142.481,6417103,2301,NA,410764
9532487,2010,971187.172,6402902.199,2418,NA,753669
9532737,2018,990878.053,6470319.656,2319,50,1486943
9533791,2004,1003100.751,6421145.791,2702,NA,575687
9534739,2013,948441.6756,6460497.2676,2572,50,958949
9534817,2018,951723.552,6464866.426,2258,20,1487433
9535194,2008,950637.579,6437189.343,2782,NA,663939
9535265,2018,937078.063,6427595.563,2389,25,1518966
9536087,1993,939885.784,6431547.617,2760,NA,428267
9537186,2005,956834.678,6436903.057,2600,NA,571027
9543359,2011,992049.156,6418010.417,2167,NA,821383
9543577,2011,1012347.157,6403219.933,2717,NA,876236
9550396,2008,980818.567,6450742.488,2631,25,669487
9551151,2009,966960.876,6430104.153,2447,NA,697598
9551658,2019,1012482.801,6488418.827,2617,NA,1548427
9554268,2010,974471.075,6448691.505,2452,NA,752806
9554985,2016,944914.6810968,6464453.439809,2440,70,1203385
9554997,2016,944737.7531976,6464803.108201,2595,40,1203399
9555034,2016,935982.6535408,6457677.008173,2081,20,1203309
9555035,2016,935643.3438611,6457382.58046,2215,100,1203323
9555050,2016,935900.5466334,6459600.274014,2185,8,1203273
9555077,2016,944936.2070995,6464457.181168,2440,100,1203386
9555289,2019,1012467.18,6488418.04,2617,NA,1548430
9555297,2019,1014756.925,6488200.891,2699,NA,1548448
9555306,2019,1015038.1,6488215.25,2745,NA,1548449
9555332,2010,972318.707,6404071.077,2753,NA,753705
9555367,2019,1011782.875,6489717.756,2442,NA,1548483
9555371,2019,1012461.562,6488528.948,2601,NA,1548433
9555379,2019,1015112.69,6488441.46,2741,NA,1548442
9555401,2011,1004654.4,6399747.668,2468,NA,874562
9555484,2009,947066.619,6430698.173,2178,NA,701302
9555731,2011,1002208.791,6419283.054,2609,NA,876021
9555735,2011,1012976.717,6403787.913,2752,NA,876266
9557254,2002,1015026.657,6410308.826,2397,20,410620
9559138,2000,1003201.844,6366818.179,2610,NA,387626
9559139,2000,1003301.884,6366889.068,2625,NA,387640
9561253,2009,945193.109,6466273.402,2349,NA,693760
9562630,2019,1012190.15,6489404.776,2530,NA,1548480
9563075,2016,935568.5682832,6457292.048537,2274,200,1203328
9563946,2011,1002227.819,6419257.955,2607,NA,876020
9573470,2014,1002612.36,6365249.04,2392,25,989035
9573858,2000,1003197.62,6366995.147,2651,NA,387631
9573859,2000,1003356.379,6366846.653,2618,NA,387637
9574351,2002,1006674.212,6369161.744,2297,NA,389604
9575103,1995,982113.748,6364667.648,2361,NA,383012
9575111,1997,995801.91,6341659.583,2256,NA,386934
9575279,2014,1002600.721345,6365209.109207,2395,10,989033
9575366,1995,981773.467,6364757.481,2304,NA,383010
9575369,1997,994405.119,6342256.959,2341,NA,386929
9578228,2000,1016309.338,6418704.295,2473,NA,409880
9582845,2011,1021960.448,6407729.653,2646,NA,866740
9583749,2002,1015525.887,6408535.374,2625,NA,410614
9583750,2002,1015558.102,6408462.933,2630,1,410615
9583758,2002,955849.813,6415417.183,2410,NA,410723
9583766,2002,955582.384,6416605.774,2334,NA,410757
9583939,2013,948468.1056,6461378.1798,2428,30,954135
9584445,2018,937102.682,6427716.538,2363,30,1518956
9584738,2008,992330.655,6457465.199,2558,25,669973
9585222,2008,951266.737,6437185.727,2786,NA,663986
9585327,2010,944019.242,6462998.082,2428,NA,756103
9585811,2013,948414.5688,6461041.92,2490,50,954163
9585881,2013,948539.0136,6461541.7452,2414,10,954127
9585924,2014,951671.1672,6440662.089,2633,5,1020026
9585941,2016,933113.43,6456335.12,2439,100,1205034
9586238,2002,1015388.084,6410599.321,2417,2,410631
9590159,2008,1005133.523,6463457.263,2428,10,669904
9590711,2017,974506.9655689,6430484.568463,2531,100,1453767
9591151,2011,990437.122,6416318.013,2503,NA,874292
9591380,2008,981776.872,6453827.652,2619,20,669963
9591465,2012,1015431.22,6408489.65,2622,25,921892
9591470,2012,1015528.32,6408632.14,2625,15,921923
9591471,2012,1015405.8,6408521.11,2621,15,921901
9594035,2018,968151.0871033,6431633.43295,2770,100,1453153
9595256,2012,1015420.43,6408436.04,2630,20,921794
9595303,2012,1015429.49,6408516.6,2620,10,921880
9595334,2012,1015449.84,6408500.01,2622,NA,921897
9595335,2012,1015415.89,6408516.8,2620,5,921885
9602964,2001,996472.263,6356515.809,2441,60,388560
9603214,2002,999645.443,6363711.876,2369,NA,389940
9604273,2016,930707.2310003,6453798.535077,2132,150,1203552
9610028,2008,1000469.139,6457896.452,2538,20,669792
9611520,2011,1002248.185,6557034.5,2360,NA,877718
9614360,2009,964807.636,6409415.515,2564,25,697506
9616233,2016,970267.0125584,6408373.68262,2667,100,1453993
9617366,2009,1011567.179,6484480.541,2674,NA,692021
9618928,2009,976788.928,6467554.134,2964,NA,692611
9620503,2009,944812.389,6453023.385,2707,NA,693474
9620745,2013,952636.7124,6445922.5656,2266,30,944698
9623291,2013,978720.0744,6470740.7982,2435,30,944634
9623883,2010,966782.244,6485970.554,2724,NA,753913
9624136,2008,1002770.615,6502175.848,2203,NA,662840
9624754,1993,941460.883,6431860.617,2060,NA,428284
9625285,2011,1020835.271,6408616.677,2457,NA,866702
9626304,2009,939621.104,6436738.012,2649,NA,693508
9626372,2009,946341.038,6449833.868,2829,NA,691797
9626583,2008,1001436.899,6457522.153,2785,NA,669800
9626587,2013,949211.3418,6463013.694,2219,100,954110
9626654,2018,950398.043,6457165.564,2595,50,1518937
9626862,2018,937071.415,6427604.201,2389,25,1518962
9630367,2000,1003454.736,6366937.483,2635,NA,387648
9632309,2011,1000422.365,6399751.152,2246,NA,865297
9632436,2011,997996.065,6396612.609,2257,NA,874510
9634604,2002,1000175.922,6361858.354,2238,NA,391169
9635816,2008,1006681.267,6392366.043,2550,25,668832
9635999,2012,951345.43,6476336.03,2109,36,935546
9647295,2011,1021984.32,6406920.086,2506,NA,866791
9647310,2011,962165.833,6411369.14,1943,NA,874335
9647957,2000,940308.878,6432550.252,2474,NA,571210
9648620,2001,994335.149,6522208.76,2111,NA,452241
9649955,2012,947527.27,6466339.59,2113,10,923428
9650321,2008,1004502.201,6456433.099,2675,NA,660140
9650408,2010,981054.905,6458204.312,2258,NA,753782
9650827,2008,1004118.627,6456859.592,2498,NA,660132
9650829,2008,1004404.34,6456709.498,2597,NA,660138
9650973,2009,1011776.847,6484196.911,2661,NA,692024
9651046,2009,999251.003,6477125.489,2431,60,698081
9652528,1991,967925.73,6445903.29,2558,NA,405477
9654095,2002,994460.83,6354073.191,2423,20,390684
9655949,2009,964471.104,6355360.074,2162,25,697469
9656100,2010,982435.793,6352528.8,2411,NA,752888
9656259,2007,1000268.083,6394563.395,2659,20,623893
9657875,2019,1015209.94,6488224.03,2792,NA,1548451
9658619,1997,992681.825,6342312.956,2296,NA,386904
9658626,1997,994117.702,6342172.489,2404,NA,386931
9658680,2002,1001436.325,6364049.694,2311,NA,389989
9658765,2011,934633.804,6454793.508,2336,NA,883658
9659027,2011,1022029.436,6407457.938,2630,NA,869520
9659048,2011,962980.088,6410606.965,2265,NA,874343
9659628,2001,996331.003,6356719.363,2321,50,388544
9659629,2001,996538.597,6356681.089,2402,30,388559
9661835,2018,977456.2300722,6406320.154759,2710,100,1453167
9661893,2018,977902.082372,6406069.019402,2627,100,1453166
9663126,2002,1007592.993,6369129.563,2498,NA,389638
9664966,2002,1001754.173,6362847.749,2431,NA,390027
9665357,2016,990688.118,6472249.247,2783,16,1205622
9668556,2013,1019912.184,6483543.7632,2071,100,953993
9670148,2002,996232.742,6354019.129,2360,30,390513
9671556,2001,949611.311,6405724.44,2293,NA,410241
9671831,2002,994098.075,6354411.586,2238,25,390674
9672800,2008,929537.12,6397652.289,2398,NA,655444
9673602,2002,1009920.886,6372027.731,2441,25,390196
9673607,2002,995785.052,6353741.843,2513,70,390508
9674072,2019,1015100.59,6488218.44,2765,NA,1548388
9679882,2007,1000627.949,6394204.347,2513,NA,623899
9681337,2002,995562.159,6353889.536,2442,12,390501
9684388,2018,944670.0887074,6427572.054601,2394,100,1453161
9684838,2002,1003943.606,6368817.904,2434,NA,389791
9686408,2011,990192.915,6416710.935,2487,NA,876474
9688521,2011,1021590.968,6407084.006,2467,NA,866772
9690034,2004,999427.358,6422795.664,2601,NA,574926
9691645,2002,1015018.705,6410480.583,2391,2,410628
9692094,2008,981695.323,6453891.985,2619,20,669962
9694186,2014,949264.4472,6439453.782,2492,50,998915
9694835,2013,948407.253,6460562.0208,2577,50,958943
9695855,2002,950593.25,6416236.304,2121,NA,410658
9696104,2011,964036.332,6491094.423,2337,NA,877567
9696355,2010,981454.558,6459239.011,2165,NA,753777
9696424,2011,931502.844,6443583.225,2044,NA,893994
9696874,2006,955817.259,6451880.935,2702,NA,593245
9698185,2012,1015532.21,6408552.19,2625,NA,921675
9705362,2002,954783.05,6415718.692,2148,NA,570588
9705367,2002,954898.049,6415955.494,2144,NA,570592
9705368,2002,955085.966,6415785.093,2220,NA,570593
9705395,2003,962850.957,6417275,2421,NA,570716
9705577,2003,972921.382,6444872.255,2379,NA,571265
9705740,2019,1015063.68,6488327.75,2731,NA,1548453
9706153,2004,988937.835,6417820.497,2227,NA,573823
9706309,2004,990120.644,6414233.823,2553,NA,574226
9706312,2004,990135.702,6414400.641,2529,NA,574231
9706477,2008,963840.4,6448157.314,2527,NA,660601
9707215,2009,966586.979,6429987.075,2492,50,697603
9722950,2002,1004598.541,6367945.724,2493,NA,389785
9723035,2002,1004539.378,6368203.112,2438,NA,389726
9723041,2009,983454.746,6366510.414,2474,NA,693656
9723551,2018,978162.9504158,6407705.318798,2416,100,1453111
9725562,2003,972861.285,6444835.596,2384,NA,571264
9726132,2014,952158.2916,6440846.8998,2668,3,1020056
9727494,2008,947355.015,6430951.716,2144,NA,666234
9728721,2009,939491.293,6436717.006,2605,NA,693501
9729252,2013,946441.2534,6459107.4972,2032,50,959344
9734338,2000,940307.074,6432560.186,2474,NA,571211
9734429,2003,939792.284,6432646.358,2620,NA,571216
9734430,2003,940247.929,6432656.933,2436,NA,571209
9737309,2008,964490.09,6448580.145,2437,NA,660574
9738103,2008,964419.409,6448142.943,2435,NA,660553
9743223,2016,945085.1975913,6463851.5547,2155,15,1203352
9743226,2016,945031.09,6463869.2,2153,50,1203355
9743999,2010,972037.867,6404602.18,2720,NA,753674
9744048,2012,1015518.91,6408386.77,2632,20,921563
9746927,2016,935671.3517826,6457402.650298,2202,200,1203324
9751626,2011,1009813.218,6422746.866,2496,NA,873720
9762809,2009,1008640.447,6402358.233,2753,100,697707
9768243,2003,1014159.52,6492905.399,2702,NA,494548
9768440,2008,969480.45,6446006.564,2781,25,669705
9769932,2001,996237.256,6359965.059,2546,25,388438
9770050,2007,1008746.9,6392431.512,2616,16,624076
9770116,2007,1013342.084,6401357.955,2657,20,624121
9770270,2007,963242.076,6411496.473,2611,NA,639417
9770585,2008,986699.452,6418929.042,2504,NA,658812
9771204,2008,964383.867,6448727.684,2436,25,669299
9771841,2007,977501.459,6427329.323,2794,NA,639385
9771848,2007,963061.777,6411409.831,2618,NA,639415
9771849,2007,963165.054,6411446.2,2633,NA,639416
9772007,2017,932839.212,6456041.69,2388,100,1358888
9772073,2011,978144.288,6467133.671,2581,NA,866685
9772511,1997,994599.034,6341424.153,2434,NA,386923
9772579,2002,1006810.447,6368975.201,2322,NA,389599
9773062,2008,961937.261,6449131.124,2650,NA,660713
9773067,2008,963387.552,6448389.182,2649,NA,660657
9773104,2005,984771.441,6381287.768,2642,NA,569606
9773217,2011,998799.292,6396023.389,2434,NA,874516
9773252,2008,1021334.634,6407361.099,2434,NA,657353
9773301,2011,1015409.103,6407172.219,2733,NA,876205
9773364,2002,955512.591,6415544.431,2261,NA,410798
9773387,2004,1004723.135,6423495.708,2795,NA,575438
9773436,2010,943975.797,6462970.363,2430,NA,756106
9774086,2008,1000512,6457859.503,2551,20,669794
9774090,2008,1001158.817,6457284.476,2739,50,669799
9774095,2008,1005043.939,6463494.879,2418,10,669903
9774708,2008,1007728.048,6462644.975,2673,25,669917
9775637,2008,1003342.554,6483128.055,2810,NA,657836
9775688,2008,1007519.464,6462641.618,2691,NA,669914
9775691,2008,1007645.302,6462572.813,2678,25,669915
9776139,2008,1006742.356,6462630.092,2632,NA,669911
9776157,2009,995308.187,6483730.995,2390,NA,694925
9776166,2009,951593.13,6480541.845,2110,NA,692788
9777633,2009,938923.848,6436760.195,2471,NA,693537
9779339,2002,950791.373,6415471.938,2343,NA,410644
9779639,2017,932452.467,6455892.7,2380,100,1358881
9779796,2008,1004007.69,6456681.024,2602,20,669807
9779962,2008,1009878.819,6508446.089,2477,NA,662778
9779979,2008,1001937.46,6501946.776,2499,NA,662847
9780088,2008,1007826.306,6462889.039,2639,25,669923
9780122,2018,952667.851,6434089.887,2626,50,1520145
9781289,2008,963849.825,6448185.726,2527,15,669306
9781298,2003,1014457.782,6493215.842,2733,NA,494559
9782245,2008,964229.275,6447963.77,2438,NA,660332
9782832,2018,951497.796,6464701.642,2244,25,1487349
9782876,2008,972004.348,6445324.256,2691,20,669720
9783712,2011,1021827.578,6407093.187,2481,NA,866714
9783721,2011,1022169.117,6407394.071,2669,NA,866735
9783821,2011,1015401.543,6410686.08,2418,NA,873763
9783932,2001,950813.151,6412004.322,2542,16,410184
9784624,2013,996415.82,6502768.25,2297,100,960768
9785622,2009,938963.589,6436649.689,2501,NA,693533
9785839,2008,981620.427,6438126.553,2526,50,669180
9785888,2013,948423.789,6460712.0676,2548,50,958940
9786930,2000,1003244.053,6366911.303,2624,NA,387641
9786931,2000,1003262.069,6366910.17,2624,NA,387643
9786994,2002,999679.191,6363682.454,2381,NA,389939
9787357,1993,941722.241,6431588.672,2391,NA,428251
9787553,2000,967116.819,6446554.699,2612,NA,672542
9787557,2000,967155.007,6446639.38,2624,NA,672561
9789765,2015,947846.8896,6451178.708,2364,50,1141760
9790214,2011,1003826.293,6398063.976,2392,NA,864491
9790425,2011,1004161.063,6398251.389,2330,NA,874652
9791049,2018,937129.611,6427610.863,2393,30,1519065
9792430,2003,1014242.378,6493296.922,2782,NA,494558
9793074,2003,1014902.917,6493283.613,2732,NA,494560
9793467,2011,990194.276,6416696.989,2487,NA,876475
9793910,2014,930287.5908,6397376.2446,2568,5,990816
9793925,2009,945259.809,6466801.198,2173,NA,693721
9794057,2008,1001941.455,6501979.994,2491,NA,662848
9796424,2011,1014831.215,6408664.471,2789,1.5,873435
9796708,2009,944433.774,6433337.149,2131,NA,691875
9796740,2008,957210.985,6427947.814,2298,NA,663614
9797910,2018,971839.5968913,6423474.002565,2648,100,1453123
9798185,2018,949333.105,6431263.194,2400,8,1520154
9798187,2016,933166.48,6456178.75,2455,12,1205050
9798190,2016,932908.05,6456086.68,2392,80,1205055
9798218,2008,949149.738,6428136.217,2631,NA,663791
9798245,2000,1003453.309,6366922.4,2635,NA,387647
9798260,2002,1015551.99,6408442.605,2630,NA,410612
9798261,2002,1015338.379,6408785.144,2617,1,410619
9798310,2016,932931.2,6456148.45,2401,100,1205028
9798313,2016,945004.26,6463872.58,2157,30,1203357
9798314,2016,932478.1,6455869.71,2382,70,1205058
9798329,2018,937073.838,6427644.306,2377,50,1518959
9798331,2008,950013.503,6428828.095,2063,NA,663699
9798337,2013,949015.2204,6453741.9408,2474,100,954047
9798338,2014,937538.249036,6429234.5615,2391,100,1053186
9798342,2016,940641.27,6462755.32,2302,70,1205182
9798427,2015,947376.477,6450847.7148,2461,50,1141698
9798437,2002,1015536.301,6408625.983,2625,NA,410617
9798440,2018,949316.341,6431248.073,2421,8,1520155
9798490,2009,927724.035,6440827.94,2352,NA,692842
9798503,2009,939610.471,6436737.603,2631,NA,693507
9798504,2009,938934.058,6436771.591,2465,NA,693539
9798509,2013,948413.004,6460935.933,2515,100,958934
9798551,2009,944774.295,6452983.87,2694,NA,693475
9798641,2013,947204.7222,6460152.4662,2263,50,959325
9798666,2008,964440.581,6448561.028,2435,20,669298
9798692,2008,950651.312,6437200.901,2782,NA,663935
9798793,2009,944397.528,6433355.732,2133,NA,691888
9798814,2018,963375.1332768,6429125.736004,2691,100,1453113
9798831,2014,952690.9494,6446597.0358,2199,25,990800
9798834,2015,946955.3628,6451932.431,2604,NA,1141804
9798844,2014,952260.5952,6445342.3872,2346,80,990607
9798872,2015,947384.1912,6450814.122,2460,10,1141703
9798873,2015,947386.9962,6450777.3318,2460,80,1141706
9798892,2014,948662.4624,6454862.2956,2754,50,1008528
9798902,1994,1006648.203,6392354.415,2550,NA,383132
9798909,2014,953066.4264,6446490.3912,2198,100,996642
9798940,2014,952157.0658,6446436.8328,2258,30,990136
9798942,2014,952483.407,6445473.4896,2334,100,990552
9798976,2012,942074.9334,6463668.8928,2268,25,925261
9799013,2009,944976.348,6466215.804,2455,NA,693792
9799062,2018,937084.047,6434483.403,2414,30,1487210
9799083,2009,1014974.614,6486983.378,2554,NA,693125
9799090,2019,980275.4606211,6454167.833091,2644,16,1552456
9799108,2008,1004923.378,6463471.928,2395,30,669902
9799522,2016,1014700.864631,6407173.614439,2617,NA,1206167
9799873,2003,1014996.499,6493450.523,2745,NA,494562
9800249,1993,941358.02,6431856.626,2052,NA,428245
9800262,2008,953027,6447020.776,2213,NA,655920
9800484,2008,954015.866,6409060.389,2651,NA,663345
9800989,2014,952156.8708,6440850.8436,2668,20,1020054
9800996,2014,951961.1604,6440777.9916,2725,15,1020082
9801578,2012,940684.6878,6463396.4136,2369,40,925885
9801910,2011,963223.31,6490533.449,2511,NA,877572
9802138,2007,1001773.552,6515994.998,2163,NA,648231
9802837,2013,945635.6436,6472803.2166,2046,NA,939765
9803065,2018,973083.3533041,6402331.203151,2297,100,1453145
9804601,2008,1003718.25,6512729.651,2253,NA,662936
9805253,2008,950595.174,6437272.666,2759,NA,663934
9805360,2010,977439.605,6406439.675,2713,NA,752574
9805398,2011,990363.853,6416345.624,2506,NA,876470
9806346,2012,935655.7506,6454700.1216,2550,50,924837
9806766,2013,1015057.1328,6410300.6178,2398,NA,961190
9806797,2013,973365.0296542,6405638.8198,2508,100,1052868
9806799,2012,1015422.78,6408473.3,2625,NA,922981
9806851,2003,947688.371,6459178.499,2666,NA,497738
9807045,2002,1007570.735,6368689.035,2469,NA,389643
9807165,2009,969232.836,6436707.306,2342,8,697933
9808636,2000,1014629.6,6418037.796,2538,NA,409908
9809497,2012,1015548.98,6408524.23,2629,NA,921694
9809498,2012,1015424.74,6408462.42,2628,50,921913
9809500,2012,1015484.82,6408551.88,2620,NA,922887
9809503,2012,1015519.08,6408539.87,2625,NA,922945
9809533,2014,973013.5764159,6444818.063363,2362,100,1053027
9809549,2012,1015530.56,6408351.04,2633,20,921532
9809567,2011,991692.936,6417156.153,2275,NA,876494
9809575,2012,1015522.91,6408537.72,2625,10,921685
9809677,2008,1008694.632,6509520.305,2474,NA,662786
9809689,2008,992016.827,6457303.312,2620,10,669975
9809708,2009,1000118.86,6456765.703,3027,NA,694695
9809722,2011,933149.897,6457926.265,2152,NA,893646
9810550,2008,1000534.609,6457714.497,2575,15,669795
9813399,2005,942257.715,6433620.151,2290,NA,570951
9814568,2016,972061.5522713,6448661.573771,2316,100,1454088
9814594,2012,1015488.47,6408559.68,2622,NA,922886
9814929,2017,944745.843,6453853.872,2626,8,1361627
9814965,2008,983695.408,6437132.227,2534,25,668882
9815656,2009,1014975.48,6486966.409,2554,NA,693123
9815783,2018,946093.099,6427082.729,2519,25,1520309
9816108,2018,950872.598,6457718.272,2498,50,1518811
9816161,2018,959225.533,6430377.894,2495,50,1519321
9816439,2008,1000834.623,6457237.709,2723,NA,663462
9816472,2009,964776.241,6409651.314,2590,30,697505
9816579,2017,995831.11,6564542.25,1979,10,1366486
9816693,2007,1016774.057,6478177.436,2727,NA,628591
9816956,2001,997235.732,6357232.461,2645,40,388502
9817039,2008,963763.973,6448221.093,2545,30,669308
9817040,2008,961914.53,6449149.172,2651,40,669318
9817051,2002,1007120.613,6369139.497,2380,NA,389655
9817213,2005,954229.018,6432938.425,2551,NA,571118
9818094,2009,963118.483,6431988.469,2866,NA,693410
9818148,2009,945017.82,6465971.374,2430,NA,693772
9818153,2009,945341.307,6466652.384,2189,NA,693742
9818174,2011,931541.531,6443762.71,2019,NA,893986
9818182,2018,937110.598,6427487.877,2422,15,1519094
9818831,2002,994153.718,6353728.527,2408,25,390679
9819047,2008,992442.042,6457595.533,2556,25,669972
9819933,2011,996631.25,6361157.733,2376,NA,874363
9820498,2002,950704.554,6415540.48,2316,NA,410641
9820711,2001,950494.996,6415419.015,2405,NA,410076
9821443,2003,972677.993,6396381.887,2428,NA,571236
9821445,2003,972810.885,6396612.823,2385,NA,571237
9821737,2014,999239.6394,6502289.979,2700,10,1034816
9821739,2016,1001576.85,6491484.93,2602,10,1211469
9823256,2001,951181.364,6411888.068,2580,4,410180
9824097,2005,942288.653,6433482.311,2367,NA,570952
9824123,2006,930389.49,6442937.683,2317,NA,593142
9825066,2011,990192.575,6416702.914,2487,NA,874264
9825136,2011,1015233.659,6406984.198,2699,NA,876213
9826855,2001,1001707.797,6397875.388,2539,NA,497997
9826873,2008,1018471.416,6413068.00899999,2547,NA,657149
9826900,2016,1001891.57,6491330.63,2655,30,1211467
9826951,2014,1004562.003,6485911.0644,2564,30,996943
9826997,2016,932472.65,6455855.73,2384,100,1205059
9827128,2000,939667.345,6432957.642,2445,NA,571221
9827373,2014,999198.4836,6502284.9756,2675,5,1034934
9827393,2008,1004136.566,6457114.658,2491,50,669822
9827611,2002,1015008.753,6410295.912,2399,NA,410623
9827712,2013,948438.1962,6461177.691,2475,80,954145
9827800,2004,989454.752,6414233.927,2298,NA,574212
9827802,2004,989445.396,6414051.365,2389,NA,574215
9827808,2004,989942.808,6414470.733,2489,NA,574236
9827909,2004,997818.996,6424877.206,2394,NA,574589
9827910,2004,997807.192,6424915.671,2390,NA,574590
9827968,2004,1003278.626,6421676.857,2743,NA,574734
9828039,2016,933184.83,6456397.38,2443,100,1205035
9828064,2004,999175.303,6422276.175,2713,NA,574965
9828067,2004,998991.501,6422574.588,2686,NA,574980
9828122,2008,1001386.288,6502074.852,2430,NA,662863
9828189,2004,988282.055,6416392.192,2418,NA,575256
9828239,2004,1004816.474,6423276.093,2717,NA,575506
9828241,2004,1005362,6423506.965,2820,NA,575515
9828283,2008,1004720.921,6456608.968,2720,NA,660142
9828457,2009,927680.95,6440900.378,2331,NA,692840
9829030,2002,979391.25,6438681.354,2570,NA,570394
9829044,2002,950704.554,6415540.48,2316,NA,570440
9829045,2002,950759.487,6415467.655,2319,NA,570442
9829074,2002,955582.384,6416605.774,2334,NA,570556
9829076,2002,955006.518,6417118.45,2321,NA,570561
9829077,2002,955142.481,6417103,2301,NA,570563
9829078,2002,955183.92,6417134.708,2281,NA,570564
9829168,2005,978937.721,6400421.321,2417,NA,571066
9829206,2003,961455.243,6421713.545,2344,NA,571182
9829416,2004,992524.03,6421465.121,2496,NA,574110
9829509,2004,996382.584,6420385.452,2440,NA,574494
9829558,2004,1003364.469,6421713.059,2774,NA,574733
9829562,2004,1003228.098,6421661.388,2734,NA,574735
9829586,2004,999167.225,6422488.949,2658,NA,574963
9829682,2004,1005554.077,6423278.188,2856,NA,575524
9829683,2004,1005741.345,6423365.436,2854,NA,575526
9829710,2004,1001914.073,6420410.676,2576,NA,575648
9829714,2004,1002302.112,6420884.837,2557,NA,575673
9829718,2004,1003086.186,6421445.321,2692,NA,575690
9829771,2006,966814.988,6408724.518,2709,NA,593208
9829880,2008,1022088.344,6406689.215,2588,NA,657365
9832526,2008,1022140.159,6406653.849,2639,NA,657373
9834605,2011,1021867.87,6407724.881,2640,NA,869521
9835837,2000,1014331.2,6418584.247,2316,NA,409909
9836080,2008,963455.792,6448518.134,2626,25,669312
9837311,2011,990314.837,6416602.527,2479,NA,875008
9837340,2008,971527.087,6397553.62,2366,NA,658526
9837445,2013,951702.0228,6444404.367,2283,100,944114
9837448,2009,994941.402,6517627.111,2500,NA,693173
9837788,2011,1014475.198,6408136.068,2967,NA,873427
9837850,2001,950081.935,6405696.234,2233,4,410125
9838729,2008,955074.533,6448323.03,2178,NA,658566
9838853,2008,1021605.374,6473804.221,2577,NA,660203
9838885,2011,1000100.657,6399142.215,2384,NA,865302
9838886,2011,1002178.307,6419294.587,2610,NA,876023
9839329,2012,1015441.36,6408433.64,2629,NA,922946
9839368,2008,1022154.258,6406643.566,2639,NA,657421
9839380,2010,974459.756,6448707.012,2455,NA,752805
9839381,2010,975365.191,6447663.569,2426,NA,752834
9839401,2011,1015214.472,6406968.216,2699,NA,873892
9839586,2013,954903.7804064,6415080.531426,2382,10,1052906
9840510,2011,991441.475,6409640.976,2430,NA,874951
9842104,2011,1015437.534,6407160.642,2743,NA,876206
9845642,2016,945022.2730694,6433204.757219,2127,10,1454045
9847510,2002,1003847.05,6366877.352,2665,NA,389795
9847511,2002,1003802.657,6366874.206,2670,NA,389796
9848178,2010,973306.056,6432303.599,2779,NA,791004
9849511,2002,1003931.066,6367353.874,2605,NA,389811
9850271,2002,1004769.087,6367613.656,2460,NA,389825
9850303,2002,1003876.273,6367224.101,2618,NA,389838
9850318,2002,1004189.295,6367347.344,2548,NA,389841
9850416,2002,1004585.58,6367012.182,2547,NA,389846
9850432,2000,1002608.287,6365685.512,2413,NA,387650
9850990,2002,1002438.548,6363072.804,2475,NA,390049
9850991,2002,1002308.485,6363086.572,2435,NA,390051
9850992,2002,1002210.427,6363302.075,2397,NA,390079
9851008,2002,1010054.093,6374957.229,2439,50,390162
9851070,2002,1008961.132,6370652.13,2447,30,390242
9851140,2013,995442.9252,6356015.4492,2116,40,960699
9851705,2002,997240.974,6355886.4,2596,100,390583
9851794,2013,996623.5638,6340847.1774,2278,20,961427
9851843,2010,954580.613,6453604.713,2196,NA,790992
9852322,2009,945235.189,6466923.259,2077,NA,693711
9853595,2013,996132.3444,6340730.802,2279,30,961445
9854068,2001,995395.346,6360143.693,2586,10,388405
9854131,2001,998277.253,6357877.296,2432,4,388480
9854145,2001,996847.357,6356740.681,2427,12,388553
9854158,2002,1007086.987,6369180.897,2369,NA,389658
9854177,2002,1006542.147,6368673.825,2472,NA,389618
9854179,2002,1006394.802,6369780.742,2208,NA,389668
9854221,2002,1002979.866,6366966.633,2633,NA,389859
9854238,2002,1001464.086,6364325.29,2235,NA,390001
9854428,2002,1008572.472,6371825.222,2319,20,390239
9854634,2002,994175.452,6353648.464,2443,20,390681
9854647,2002,1002054.896,6362483.809,2514,15,390693
9854726,2007,1008492.28,6391367.996,2636,40,624065
9854747,2008,1006820.785,6392176.7,2551,NA,659978
9855531,2012,1015469.13,6408474.42,2625,10,921820
9855563,2012,1015431.07,6408506.17,2622,15,921893
9855724,2011,970247.074,6372604.723,2134,NA,873754
9855735,2011,1021146.887,6407429.52,2415,NA,866749
9855949,2009,986799.458,6361367.539,2264,NA,691612
9855968,2001,996552.537,6360127.048,2463,NA,388433
9855985,2001,997793.641,6358108.648,2495,2,388487
9856005,2001,997156.182,6357286.762,2608,15,388505
9856081,2002,1006609.74,6368377.825,2518,NA,389609
9856082,2002,1006067.785,6368900.957,2531,NA,389614
9856256,2002,1000241.937,6363443.035,2582,NA,389917
9856485,2002,1005147.496,6367795.172,2376,NA,389742
9856693,2002,1005026.114,6367750.243,2391,NA,389780
9856700,2002,1004661.864,6368076.918,2463,NA,389783
9856854,2019,995951.26,6429135.23,2304,NA,1540077
9856891,2002,1004024.417,6367577.601,2583,NA,389837
9857119,2002,1001433.699,6362799.352,2473,NA,390084
9857446,2002,995779.167,6353698.525,2549,15,390507
9857460,2002,1001256.383,6363589.635,2418,30,390702
9857461,2002,1006604.206,6368623.799,2477,16,390723
9857480,2002,1006649.175,6368408.777,2513,30,390724
9857617,2003,995010.061,6360738.195,2537,NA,391689
9860163,2003,1015214.669,6492571.991,2518,NA,494500
9865181,2013,996683.0052,6340881.8922,2278,NA,961423
9865806,2018,970742.26362,6423446.569894,2554,10,1453127
9866553,2002,1004309.699,6366937.763,2580,NA,389805
9866743,2014,1011427.886005,6378717.418432,2344,5,989405
9866824,2014,1000376.937386,6361543.174584,2299,30,990058
9866840,2014,973078.5200528,6402328.83547,2297,100,1053241
9866979,2002,1004118.742,6367573.155,2569,NA,389830
9867281,2001,996147.416,6358190.145,2748,NA,388532
9867297,2002,1007110.301,6368145.003,2650,NA,389581
9867304,2002,1007886.666,6368486.283,2618,NA,389634
9867310,2002,1007115.024,6369092.177,2376,NA,389656
9867311,2002,1005555.75,6369150.315,2411,NA,389677
9867444,2002,1004673.841,6367948.372,2490,NA,389784
9867447,2002,1004790.35,6368286.345,2316,NA,389719
9867493,2002,1004434.536,6368068.908,2493,NA,389786
9867499,2002,1004601.93,6367000.962,2545,NA,389845
9867503,2002,1003087.806,6366038.929,2503,NA,389849
9867536,2002,1001226.261,6363588.192,2422,NA,390007
9867538,2002,1000539.5,6363684.465,2522,NA,390020
9867556,2002,1002287.667,6363729.201,2373,NA,390072
9867639,2002,995618.666,6354035.326,2422,NA,390499
9867640,2002,995787.944,6353664.904,2561,NA,390505
9867651,2002,1002246.565,6363073.586,2425,25,390691
9867652,2002,1006784.268,6368628.581,2433,20,390711
9867732,2007,1008854.727,6391696.145,2667,200,624069
9867777,2014,1012236.907355,6377876.119715,2412,NA,989589
9867850,2010,991982.637,6378498.697,2553,NA,753697
9868200,2000,1002735.747,6365903.854,2419,NA,387651
9874529,2009,961537.837,6394453.684,2368,NA,701319
9874919,2008,964424.764,6448383.276,2435,15,669296
9874959,2014,959042.517,6441570.0138,2401,20,1030623
9875209,2011,1015523.751,6408535.266,2625,NA,873439
9876231,2002,955006.518,6417118.45,2321,NA,410762
9877948,2004,999888.837,6423386.285,2547,NA,574949
9882062,2013,1001662.8168,6364653.9792,2151,30,960153
9882841,2008,963411.63,6448523.262,2634,NA,660662
9890356,2001,995306.044,6360054.422,2609,30,388406
9890577,2019,1014979.91,6488434.68,2685,NA,1548394
9892187,2014,996302.7930028,6353065.751496,2387,12,1007636
9892399,2002,1002238.507,6363510.627,2377,NA,390075
9892719,2002,1001905.577,6362718.88,2442,NA,390032
9896722,2002,993852.258,6353925.662,2331,NA,390676
9897020,2002,1006654.51,6368476.104,2500,NA,389598
9897041,2002,1006179.267,6369089.567,2446,NA,389667
9897047,2002,1005446.742,6368319.206,2433,NA,389705
9897049,2002,1004842.267,6368385.958,2285,NA,389729
9897050,2002,1004859.424,6368669.066,2249,NA,389731
9897054,2002,1004663.056,6368615.502,2258,NA,389732
9897061,2002,1004471.701,6367182.839,2529,NA,389842
9897119,2002,995356.671,6354050.063,2428,25,390494
9897120,2002,995714.223,6353686.468,2560,1,390504
9897127,2002,996962.978,6356287.688,2522,12,390581
9897131,2002,994981.84,6353784.262,2569,100,390653
9897134,2002,1006713.594,6368442.951,2515,20,390710
9897161,2007,1000020.255,6394555.515,2731,20,623891
9897189,2014,1000416.89413,6361275.337653,2312,20,990090
9897228,2013,996619.9926,6340843.005,2278,3,961426
9897231,2014,1011486.924089,6378623.850877,2348,5,989409
9897238,2017,981161.5874485,6369445.292061,2293,30,1391332
9897308,2001,998333.105,6358247.3,2355,40,388496
9897313,2002,1006916.82,6368606.022,2465,NA,389621
9897314,2002,1007188.334,6368973.638,2388,NA,389648
9897328,2002,1003968.401,6366938.271,2649,NA,389798
9897336,2002,1000233.067,6363598.762,2541,NA,389924
9897343,2002,1001043.052,6364006.835,2414,NA,389993
9897346,2002,1002093.482,6363237.4,2387,NA,390052
9897356,2002,1009860.48,6372218.946,2367,40,390195
9897374,2002,995458.916,6354479.268,2350,70,390491
9897376,2002,996319.718,6354465.65,2307,85,390517
9897527,2007,1013309.642,6401406.376,2659,15,624120
9897562,2001,996806.107,6360758.591,2487,30,388454
9897563,2001,998314.103,6357615.785,2509,20,388472
9897564,2001,998136.846,6357955.728,2431,10,388482
9897573,2001,996580.987,6356835.232,2352,30,388545
9897575,2001,997026.327,6356821.19,2447,20,388550
9897581,2002,1006161.479,6368614.232,2551,NA,389615
9897582,2002,1006490.63,6368846.487,2414,NA,389619
9897587,2002,1007104.248,6369165.724,2375,NA,389657
9897595,2002,1005046.321,6367615.09,2401,NA,389739
9897598,2002,1004218.239,6366927.332,2588,NA,389806
9897599,2002,1003858.66,6367380.403,2613,NA,389812
9897605,2002,1004473.504,6367204.948,2524,NA,389843
9897623,2002,1001229.128,6363708.446,2403,NA,390005
9897625,2002,1001204.268,6363507.061,2443,NA,390008
9897637,2002,1001844.41,6362795.022,2431,NA,390025
9897639,2002,1001414.094,6362803.418,2473,NA,390033
9897642,2002,1002287.32,6363257.723,2426,NA,390061
9897670,2002,994951.876,6363037.612,2159,NA,390364
9897687,2002,997504.311,6360227.021,2215,60,390444
9897712,2000,1003353.795,6366855.537,2618,NA,387639
9897717,2003,1005443.05,6368971.667,2425,200,500388
9897719,2000,1003253.949,6366899.769,2624,NA,387630
9897788,2011,1003997.918,6398004.254,2414,NA,874654
9898011,2014,996302.6226319,6353058.735984,2387,12,1007637
9898043,2017,1007030.109666,6391360.705527,2766,NA,1366359
9898416,1995,982049.437,6364675.773,2346,NA,383011
9898504,2008,1007107.648,6391799.405,2589,NA,659990
9898584,1991,1012705.518,6401096.878,2641,NA,388339
9898911,2002,1005121.853,6368323.447,2319,NA,389715
9899069,2002,1005274.135,6367702.222,2420,NA,389737
9899088,2002,1003983.582,6368837.855,2428,NA,389790
9899090,2002,1003885.611,6367476.799,2608,NA,389813
9899096,2002,1000101.357,6363376.269,2580,NA,389914
9899112,2002,1009274.902,6371557.458,2702,12,390257
9899125,2002,993906.023,6361990.744,2442,15,390343
9899150,2002,1002011.729,6362349.607,2556,20,390695
9899151,2002,1000786.379,6363376.958,2498,20,390704
9899167,2002,1006249.953,6368729.652,2529,NA,390713
9899472,2002,1004597.293,6368267.979,2409,NA,389723
9899473,2002,1006266.042,6369387.084,2364,2,390721
9899556,2008,1006813.245,6392155.311,2554,25,668835
9899640,2002,1002379.728,6363100.006,2455,NA,390050
9899997,2007,1008680.41,6392488.289,2588,20,624077
9900118,2008,1006794.98,6392250.5,2550,NA,659976
9901246,2011,931521.037,6443855.969,2010,NA,893981
9903299,2014,952492.1304,6445570.8822,2326,80,990549
9903435,2011,1002191.199,6419293.21,2610,NA,876022
9904353,2016,944236.6209236,6462716.243014,2416,100,1203486
9904856,2009,977715.993,6405921.608,2701,NA,701289
9906662,2009,967261.223,6446016.665,2776,NA,701305
9907853,2012,1015528.73,6408393.97,2631,25,921554
9908014,2014,967507.0105331,6413626.348837,2301,10,1053140
9910963,1994,1006559.072,6392304.009,2552,NA,383130
9911187,2014,930103.4028,6397455.7248,2586,10,990815
9912619,1991,1007550.1698,6397064.2542,2063,NA,388338
9912861,2002,1002442.521,6363289.207,2450,NA,390063
9913070,2011,1015119.989,6410821.001,2395,NA,872226
9913811,2002,994711.709,6353849.695,2591,NA,390651
9920211,2008,981707.839,6453881.547,2620,20,669960
9921885,2016,935611.034892,6457330.894593,2253,100,1203326
9921918,2019,1008465.401,6489995.654,2608,NA,1548466
9928544,2000,1003187.893,6366809.498,2607,NA,387625
9928860,2009,964446.52,6355363.045,2149,25,697468
9929427,2002,1006476.481,6369166.114,2367,NA,389617
9929445,2002,1000316.24,6363813.936,2612,NA,389919
9929788,2008,1021734.242,6407061.353,2482,NA,657442
9930106,2008,1004285.273,6512802.749,2515,NA,662938
9930210,2002,1006240.274,6369355.799,2375,NA,389605
9930388,2016,990470.553,6472316.504,2757,9,1204943
9932603,2011,990446.051,6416386.476,2498,NA,875020
9932614,2011,1010396.745,6412917.444,2707,NA,876075
9932615,2011,1013052.221,6404847.662,2713,NA,876275
9936359,1995,964604.344,6408944.645,2568,NA,392276
9937820,2013,952631.4732,6445919.6844,2266,30,944699
9938517,2008,1004613.215,6456422.541,2684,NA,660141
9938714,2009,1008502.061,6392433.458,2564,NA,695099
9944726,2002,997101.061,6359963.738,2268,20,390448
9950242,2002,1006255.311,6369474.648,2350,20,390722
9953849,2008,1007842.905,6462967.922,2642,25,669927
9956614,2016,1012109.467599,6495172.817357,2473,9,1205608
9956616,2016,991531.392,6470991.607,2641,16,1205619
9957734,2009,991605.888,6486891.906,2170,NA,694272
9958684,2002,1004214.268,6366846.06,2600,NA,389801
9959361,2007,1009064.568,6496970.851,2595,NA,628669
9959883,2019,1011706.991,6489825.115,2391,NA,1548507
9960796,2008,994202.005,6458674.473,2735,50,669879
9961204,2008,1004539.078,6485848.836,2560,NA,657826
9961347,2016,1019083.80198,6485652.684893,2662,9,1205485
9962836,2014,1004489.5536,6485830.0998,2558,50,996942
9963030,2004,972024.722,6402082.057,2678,NA,570812
9963032,2004,966163.644,6445088.103,2447,NA,570817
9963506,2004,1000281.991,6426794.794,2529,NA,574463
9964180,2008,962216.022,6448722.724,2577,NA,659349
9964829,2019,1008495.6,6490330.75,2652,NA,1548457
9965618,2015,975418.9466962,6402874.526453,2308,100,1206344
9967374,2008,992533.126,6457690.889,2551,20,669971
9986617,2013,948470.0376,6461418.1596,2421,25,954132
9991480,1999,1015555.758,6408452.805,2630,NA,406341
9991521,1991,967820.131,6441571.656,2391,NA,409082
9991784,2002,1004424.79,6366905.297,2579,NA,389803
9994860,2003,940261.609,6432854.523,2384,NA,571206
9995006,2011,1021803.201,6407108.948,2477,NA,866775
10026006,2017,998312.7547188,6358462.440978,2349,NA,1361519
10027239,2014,1011926.940159,6378217.496463,2411,9,989569
10027676,2014,995935.4145482,6352798.536791,2339,20,1008097
10028059,2002,1002133.043,6363431.488,2368,NA,390078
10028145,2000,1003446.195,6366906.041,2631,NA,387646
10028826,1993,940098.824,6431660.866,2584,NA,428265
10029804,2002,1001947.433,6363015.178,2406,NA,390083
10029814,2002,1009945.728,6375000.928,2410,20,390158
10032236,2001,996773.082,6356331.787,2479,25,388562
10032583,2002,1007143.052,6368827.282,2395,NA,389646
10033362,2002,1004904.121,6367540.125,2440,NA,389821
10034758,2002,995258.629,6354068.49,2424,25,390657
10039450,2002,955058.66,6415546.869,2273,NA,410787
10039451,2002,955607.976,6415494.312,2295,NA,410799
10042069,2012,1009355.6424,6504840.771,2703,25,922622
10043779,2002,1004442.577,6368451.671,2381,NA,389722
10044588,2002,1015523.902,6408532.271,2625,NA,410616
10044859,2010,973033.648,6403295.764,2558,NA,753054
10050011,2008,961928.535,6407285.034,2480,25,665091
10051391,2013,948893.295,6453890.6562,2524,30,954052
10059534,2000,967092.173,6446616.667,2627,NA,672538
10059535,2000,967105.208,6446676.255,2636,NA,672558
10059577,2000,967326.184,6446681.767,2567,NA,672624
10063493,2012,937517.6413706,6435002.278192,2616,100,959113
